{
    "loss ": 43.10744857788086,
    "accuracy ": 0.5179855823516846
}